question_id,answer
0bc6555f-92e9-4dc4-93a7-4ad67c21aa35,"The working paper titled ""How People Use ChatGPT"" is authored by the following individuals:

- Aaron Chatterji
- Thomas Cunningham
- David J. Deming
- Zoe Hitzig
- Christopher Ong
- Carl Yan Shan
- Kevin Wadman

The paper is associated with the National Bureau of Economic Research (NBER), located at 1050 Massachusetts Avenue, Cambridge, MA 02138. 

Relevant publication details include:

- Working Paper Number: 34255
- Date of Release: September 2025
- JEL Classification: J01, O3, O4
- The paper can be accessed online at the following link: [http://www.nber.org/papers/w34255](http://www.nber.org/papers/w34255).

This information fully answers your question based on the provided context."
0484691b-6a2a-4548-99fb-f6399801ebc2,"The specific institution responsible for publishing the working paper series referenced in the document is the National Bureau of Economic Research (NBER). The title or focus of that particular series is ""NBER WORKING PAPER SERIES HOW PEOPLE USE CHATGPT,"" with the working paper number 34255."
703beeba-8459-4cdc-9f6b-dc9162eff9d1,"The working paper titled ""HOW PEOPLE USE CHATGPT"" by Aaron Chatterji and co-authors was approved by the Harvard Institutional Review Board (IRB) under protocol number IRB25-0983. The approval date is not explicitly mentioned in the provided context. However, it is stated that the paper was published in September 2025. 

The research involved a Data Clean Room (DCR) approach to ensure privacy, and the authors adhered to strict protocols for accessing demographic data. They required explicit sign-off from a committee of six co-authors for any queries touching external demographic data and only submitted approved notebooks for execution in the DCR. There are no specific conditions or stipulations attached to the approval detailed in the context.

For further information, readers are encouraged to visit the paper's online repository at the National Bureau of Economic Research (NBER) website: http://www.nber.org/papers/w34255."
c2ddbb4c-701e-4f9f-816d-67d3de119269,"The working paper number assigned to the study titled ""Impact of Renewable Energy on Economic Growth"" authored by Dr. Jane Smith, published in September 2023, is not explicitly mentioned in the provided context. However, the context does include a reference to a working paper with the number 34255, authored by Aaron Chatterji, Thomas Cunningham, David J. Deming, and others, which is unrelated to Dr. Jane Smith's study. Therefore, there is insufficient information to answer the question regarding the specific working paper number for Dr. Jane Smith's study."
ee83a44d-6460-4dd6-9fb6-deb932391f38,"The context provided indicates that a repository containing all the code used to produce the analyses in the paper ""HOW PEOPLE USE CHATGPT"" by Aaron Chatterji et al. is available, but it does not specify the exact online repository or platform (such as GitHub, Bitbucket, etc.) where the code can be found. Furthermore, there are no details about specific version tags or branches to access the correct version of the code.

To obtain the complete codebase, you will need to request access directly, as the repository is mentioned to be available on request. For further information on how to make such a request, you may refer to the paper's URL: http://www.nber.org/papers/w34255, or contact the authors directly if their contact information is available through that link.

In summary, the context does not provide specific details about the online repository or versioning, but it confirms that the code is available upon request."
bb63a7e9-a0a0-4ac0-a11a-87c466e28898,"By July 2025, approximately 10% of the world's adult population had adopted ChatGPT for personal and professional use. This figure reflects a significant growth in user engagement, with the platform reaching over 700 million total weekly active users (WAU) by that time. 

The context does not provide specific comparative adoption rates for other AI communication tools during the same period, so it is unclear how the adoption of ChatGPT stacks up against its competitors. However, it is noted that ChatGPT's rapid adoption and the speed of its global diffusion are unprecedented for a new technology. Therefore, while we know the adoption rate for ChatGPT, we lack sufficient information to make direct comparisons with other AI communication tools."
bac4ef6c-68c3-4bfd-9f8e-49e3bcf541ec,"The initial version of ChatGPT, developed by OpenAI, was officially launched to the public on November 30, 2022, as a “research preview” utilizing the GPT-3.5 model. 

Key features and capabilities that distinguished this version from its predecessors included:

1. **Conversational Ability**: ChatGPT was designed for engaging in human-like conversations, allowing users to interact in a more natural manner compared to earlier models.

2. **User-Friendly Interface**: The platform was accessible and easy to use, which encouraged widespread adoption and interaction.

3. **Rapid Growth**: Following its launch, ChatGPT quickly gained popularity, amassing over one million registered users within just a few days, highlighting its appeal and functionality.

4. **Feedback Mechanism**: As a research preview, it was positioned to gather user feedback, which could be used to improve the model and its responses over time.

5. **Versatility in Text Generation**: It was capable of generating detailed and contextually relevant text responses based on user prompts, showcasing advancements in natural language processing.

These features contributed to its rapid adoption and set the stage for subsequent updates and versions, such as GPT-4 and beyond."
e80a3202-66d6-465d-98b0-03c3a5ae22cc,"Based on the provided context, the three most common topics of ChatGPT conversations among users seeking information on technology, health, and personal development are:

1. **Practical Guidance**: This topic remains constant at roughly 29% of overall usage. Users are likely seeking actionable advice or strategies related to various aspects of their lives, including technology, health, and personal development.

2. **Seeking Information**: This topic has seen growth, increasing from 14% to 24% of all usage over the specified period. Users are actively looking for information across different domains, which likely includes inquiries about technology trends, health-related questions, and personal development resources.

3. **Writing**: Although this topic has seen a decline from 36% to 24% in overall usage, it remains a significant aspect of user interactions. Many users may seek assistance in writing related to technology (such as technical documents), health (like wellness articles), and personal development (such as self-help materials).

Together, these three topics—Practical Guidance, Seeking Information, and Writing—account for a substantial portion of ChatGPT conversations, collectively representing nearly 78% of all messages."
92bade2f-3ba7-4b04-b746-c053cc4f2a46,"The percentage increase in non-work-related messages from June 2024 to June 2025 can be calculated as follows:

1. **Initial Percentage (June 2024)**: 53%
2. **Final Percentage (June 2025)**: 73%

To find the percentage increase, we use the formula:

\[
\text{Percentage Increase} = \left( \frac{\text{Final Percentage} - \text{Initial Percentage}}{\text{Initial Percentage}} \right) \times 100
\]

Substituting the values:

\[
\text{Percentage Increase} = \left( \frac{73 - 53}{53} \right) \times 100 = \left( \frac{20}{53} \right) \times 100 \approx 37.74\%
\]

Thus, the percentage increase in non-work-related messages was approximately **37.74%**.

Regarding the factors that contributed to this growth, the context indicates that both types of queries grew rapidly between June 2024 and June 2025, with non-work-related messages growing faster. It also notes that successive cohorts of users have had a higher share of non-work messages, and within each cohort, non-work use has increased. Additionally, it mentions that usage has become less work-related over time for users of all ages. 

The specific contributing factors to the growth in non-work-related messages include:
- An increase in the share of non-work messages among successive user cohorts.
- A general trend where all age groups are using the platform less for work-related purposes over time, with notable differences in non-work-related message shares among younger users compared to older users.

In summary, the percentage increase in non-work-related messages was approximately 37.74%, driven by changes in user cohorts and a broader trend of decreasing work-related usage across all age groups."
8a686c41-a1a8-44b7-a576-36d9551699ad,"The context identifies several specific characteristics of the primary early adopters of ChatGPT during its initial launch period. 

1. **Age Groups**: The early adopters were predominantly younger individuals. The context indicates that generative AI, including ChatGPT, is used more frequently by young people.

2. **Professions**: While the context does not specify particular professions, it does note that usage varies by education and occupation. It suggests that those with tertiary and/or graduate education are more likely to adopt this technology, which may imply that early adopters included professionals in sectors that value advanced education.

3. **Geographic Regions**: The early adopters were found to be disproportionately located in lower-income countries, where the growth rates of adoption were identified as higher. This contrasts with earlier patterns where usage was more frequent in wealthier countries.

4. **Gender**: The early adopters were predominantly male, although the gender gap in adoption has narrowed over time.

Factors contributing to the adoption of ChatGPT among these groups include:
- The appeal of generative AI technologies to younger demographics, who may be more comfortable with digital tools.
- The educational background of users, as those with higher education levels may see more utility in ChatGPT for work and other tasks.
- The rapid growth and accessibility of the technology, which likely made it more appealing in lower-income regions where traditional resources may be less available.

Overall, while the context provides some insights into the demographics of early adopters, further specific details about professions and more granular geographic data are not included."
13b36e6c-36a3-4574-b406-49dbb5619abd,"The official launch date of ChatGPT by OpenAI was November 30, 2022. At that time, it was released as a ""research preview"" using the GPT-3.5 model. 

Key features and capabilities introduced during this launch included:

1. **Text-Based Interaction**: Users could submit plain-text messages (prompts) and receive generated text responses from the underlying language model (LLM).

2. **Statistical Model Functionality**: ChatGPT was designed as a statistical model trained to maximize the quality of responses based on input prompts.

3. **User Engagement**: The platform allowed for conversational exchanges, which became the typical mode of interaction despite subsequent additions of more advanced features.

While the context mentions the potential for additional features (like web searching and image generation) being added later, these were not part of the initial launch capabilities. Thus, the primary interaction at launch was focused on generating text-based responses."
480cf0ca-5294-4bc9-b477-2aa2886e998c,"The provided context does not include specific numerical values for the average number of messages sent per week by ChatGPT users across different demographics, such as age groups and geographical locations, by July 2025. Additionally, it does not detail the differences in usage between free and subscription-based accounts.

However, it does mention that by July 2025, the total messages sent grew significantly, specifically by a factor of more than 5 between July 2024 and July 2025. It also indicates that there has been dramatic growth in message volume for both new and existing cohorts of users, with earlier sign-ups exhibiting consistently higher usage that has also grown over time.

Additionally, the context references the likelihood that messages are work-related, conditioned on user age, but does not provide specific age group breakdowns or weekly message averages. Similarly, it discusses global patterns of usage by measuring the proportion of weekly users among the internet-enabled population but does not specify the average messages sent by users in different countries or economic statuses.

In summary, while the context provides insights into the growth of message volume and user engagement trends, it lacks the specific numerical data required to answer the question fully."
cd799f7a-8bb6-49a4-b729-bbfbc5b797e3,"As of July 2025, the 700 million registered ChatGPT users represent approximately 13.5% of the estimated global adult population, which is currently approximated at 5.2 billion individuals (700 million / 5.2 billion * 100 = 13.46%).

The context mentions that ChatGPT usage varies across different regions and demographic factors, including age, gender, and socioeconomic status. Key points from the context include:

1. **Age**: Nearly half of all messages sent by adults using ChatGPT were from users under the age of 26, indicating a strong usage among younger demographics.

2. **Gender**: There has been a notable shift in gender representation among users, with more than half of the weekly active users having typically female first names as of July 2025, suggesting that gender gaps in usage have likely closed significantly.

3. **Education and Occupation**: Users with higher levels of education (those with a bachelor's degree or some graduate education) are more likely to use ChatGPT for work-related messages. The proportion of work-related messages increases with education level, indicating a correlation between educational attainment and ChatGPT usage.

4. **Income Level**: ChatGPT usage has grown rapidly in low- and middle-income countries, suggesting that economic factors also influence the adoption of this technology.

Overall, while the context provides insights into the demographic variations in ChatGPT usage, it does not provide specific percentage breakdowns across these demographics. Therefore, while we can infer trends regarding age, gender, education, and income levels, exact percentages for these groups are not detailed in the provided context."
967d55e6-288c-4225-8fdd-d8fdabf03f3f,"The context provides an overview of ChatGPT and its underlying architecture, specifically mentioning various iterations of its large language models (LLMs) such as GPT-3.5, GPT-4, and GPT-5. However, it does not delve deeply into the specific machine learning architectures or algorithms that underpin ChatGPT. 

Based on the mention of ChatGPT as a statistical model trained to generate text responses, it can be inferred that it utilizes a transformer-based architecture, which is a common framework for modern language models. Transformers allow for efficient processing of context in sequences of text, enabling the model to generate coherent and contextually relevant responses.

In terms of differences from previous iterations of language models, the following points can be made based on the context:

1. **Training Data**: While the context does not specify the exact nature of the training data, it implies that updates to the model's weights and system prompts are included in newer iterations, suggesting that more recent models may leverage larger and more diverse datasets compared to earlier versions.

2. **Performance Metrics**: The context mentions that the quality of responses is measured using a variety of metrics, including user satisfaction and feedback. This indicates that newer iterations of ChatGPT may have improved performance metrics compared to earlier models, specifically in generating responses that users find satisfying and relevant.

3. **Practical Applications**: The context highlights ChatGPT's role in providing decision support, particularly in knowledge-intensive jobs. This suggests that while earlier language models may have been more focused on generating text, the latest iterations are designed to enhance productivity and decision-making in professional environments, indicating a shift towards practical applications that directly support user productivity.

In summary, while the context provides some insights into the evolution and application of ChatGPT, it lacks specific details about the underlying machine learning algorithms and architectures. Nevertheless, it does suggest advancements in training data, performance metrics, and practical applications over previous iterations of language models."
b0a5bb3f-278a-48c8-9093-e34e3a679629,"One of the key focuses of the paper regarding consumer usage of ChatGPT is the demographic variation in how different groups—specifically men, young people, and those with higher education—interact with the AI. The findings confirm that generative AI use is more prevalent among these demographics, which aligns with previous research. Additionally, the paper highlights that while early adopters were predominantly male, this gender gap has significantly narrowed over time. 

The implications of these interactions for user satisfaction and engagement suggest that as the user base broadens and diversifies, understanding the specific needs and preferences of various demographic groups becomes crucial. The paper indicates that there is an increasing trend in non-work-related usage, which has grown from 53% to over 70% of all ChatGPT interactions, indicating that users are finding value in applications beyond just work-related queries. This shift in usage patterns may influence how the AI is developed and tailored to enhance user satisfaction across different demographic segments. 

Overall, the paper provides insights into the demographic trends of ChatGPT usage, suggesting that targeted approaches may be necessary to improve user engagement and satisfaction as diverse groups continue to adopt the technology."
0ded1f47-0117-4b4e-8623-8ab822c1245e,"The working paper ""How People Use ChatGPT"" provides insights into user engagement with ChatGPT and its impact on communication styles. The authors observe several key trends in how users interact with the platform, highlighting a shift in usage patterns and demographic changes.

First, user engagement has shown significant growth, particularly in non-work-related messages, which increased from 53% to over 70% of all usage. This indicates a shift towards more casual and personal interactions rather than strictly professional ones, suggesting that users are finding value in ChatGPT for a broader range of conversations. The authors note that ""Asking"" messages, which include queries and requests for information, have outpaced ""Doing"" messages, which involve actionable tasks. This trend indicates a growing preference for seeking information and guidance from the chatbot, reflecting a change in communication style that leans towards inquiry and engagement rather than task completion.

The authors also highlight demographic shifts in user engagement, noting that the gender gap in ChatGPT usage has narrowed, with more female users engaging with the platform. Additionally, a substantial portion of users is under the age of 26, indicating that younger demographics are driving engagement with ChatGPT. The findings suggest that ChatGPT is becoming a ubiquitous tool across various demographics, including low- and middle-income countries, which have seen especially rapid growth in usage.

The authors' backgrounds influence their interpretations of these aspects in several ways. Aaron Chatterji, Thomas Cunningham, and David J. Deming, being economists, may emphasize the economic implications of ChatGPT's adoption and its role in the global economy. Their focus on demographic changes and usage patterns likely stems from a desire to understand the broader societal impacts of technology. Other authors in the group, such as Zoe Hitzig and Christopher Ong, may bring perspectives related to social behavior and communication styles, enriching the analysis of how ChatGPT affects interpersonal interactions.

In summary, the authors document a significant evolution in user engagement with ChatGPT, characterized by increased inquiry-driven interactions and demographic diversification. Their academic backgrounds shape their interpretations, balancing economic analysis with insights into communication styles and societal trends."
feaa787b-9d83-4c5b-b063-86ad32fe3348,"The context provided focuses primarily on a working paper published by the National Bureau of Economic Research (NBER) titled ""How People Use ChatGPT"" and lists several co-authors and their affiliations with various institutions. The NBER is a prominent research organization known for its contributions to economic research, particularly through the dissemination of working papers that are circulated for discussion before formal peer review and publication.

In terms of research focus, the NBER is recognized for its emphasis on empirical economic analysis and policy-oriented research. It serves as a platform for economists to share preliminary findings and foster dialogue among researchers, policymakers, and the public. This is evidenced by the working paper's purpose, which is to explore the usage of ChatGPT, likely within an economic framework or its implications for economic behavior.

Comparatively, the other organizations mentioned in the document, such as those associated with the authors of the cited works, may have different research focuses. For example, the publication by Chetty et al. in Nature emphasizes social capital and economic mobility, highlighting a broader social science perspective. Similarly, the work by Chiang et al. presented at the International Conference on Machine Learning focuses on evaluating large language models, which falls under the domain of machine learning and computer science rather than traditional economics.

Overall, while NBER's primary focus is on economic research, the contributions from other organizations reflect a more diverse range of research themes, including social sciences and artificial intelligence. This indicates that while NBER is instrumental in advancing economic research, other institutions contribute significantly to interdisciplinary studies that intersect with economics, technology, and social behavior. However, the context does not provide a comprehensive comparison of the depth or impact of research across these organizations, limiting a full analysis."
a24c7889-0576-4126-af5c-31fc0f505ad6,"The provided context does not contain specific details regarding the factors that contributed to the approval timeline of the working paper by Harvard IRB, nor does it provide a direct comparison of this timeline with the approval timelines of similar studies conducted at other institutions. 

However, it does mention that the study was approved by Harvard IRB (IRB25-0983), which suggests that the approval process involved standard procedures that are typically required by Institutional Review Boards, such as ethical considerations, data privacy protocols, and potential conflicts of interest, particularly given that one co-author has disclosed additional relationships of potential relevance for the research.

The context also highlights the use of a Data Clean Room (DCR) for privacy, indicating that there were strict protocols and approval processes in place for data access and analysis. This could imply that the complexity of the research design and the need for safeguarding sensitive information might have influenced the approval timeline. 

Nonetheless, without explicit details or comparative data about the approval timelines of similar studies at other institutions, it is impossible to provide a comprehensive answer regarding how the timeline at Harvard compares to those elsewhere."
6c101499-e2be-4dd5-9458-707e31268a1c,"The working paper number assigned to this study, 34255, does not directly relate to the research methodology used but serves as a unique identifier for the paper within the NBER working paper series. The designation indicates that the paper is in the preliminary stage of dissemination, intended for discussion and comment rather than being a finalized, peer-reviewed publication. This context is crucial because it implies that the findings presented in the paper may still be subject to revision based on feedback and further analysis.

The implications of this designation for the study's findings, especially when compared to similar studies in the same field, are significant. Since NBER working papers are circulated without the rigorous peer-review process that accompanies official NBER publications, the findings may be considered preliminary and should be interpreted with caution. Readers and researchers might weigh the conclusions of this study differently compared to peer-reviewed studies, as they may not have undergone the same level of scrutiny. Furthermore, the use of aggregated data and privacy measures, such as the Data Clean Room (DCR), reflects a methodological rigor that is essential for ensuring user privacy but may also affect the representativeness of the results, limiting generalization to the broader population of users. Consequently, while this paper may provide valuable insights, it should be contextualized within the broader body of research that has undergone peer review for more definitive conclusions."
9dbd1fde-eff1-4d4d-a04a-fdfb695edba3,"The provided context does not explicitly discuss the availability of the code repository for the analyses conducted in the paper, nor does it detail the accessibility of supplementary data. Therefore, it is difficult to make a direct comparison between the two. 

However, it does mention that the analysis was conducted within a secure Data Clean Room (DCR) with strict privacy safeguards, which implies a high level of control over data access and usage. This approach may limit the accessibility of supplementary data because it involves aggregated data and does not allow direct access to individual user-level records. Such restrictions on data accessibility can have implications for the reproducibility of the research findings. If supplementary data is not readily available or if the code used for analyses is not shared, other researchers may find it challenging to replicate the study's results or validate the findings independently.

In summary, while the context provides some insights into privacy and data handling protocols, it lacks specific information regarding the availability of the code repository and supplementary data. Thus, a complete comparison and assessment of implications for reproducibility cannot be made based solely on the provided information."
dec54495-4783-4644-9827-dee7b1da87d9,"By July 2025, approximately 10% of the world's adult population had adopted ChatGPT. This rapid adoption rate is significant when compared to the adoption rates of similar AI technologies, although specific comparative statistics for other AI technologies are not provided in the context. However, it is noted that the speed of global diffusion for ChatGPT is unprecedented, indicating that its adoption may outpace that of other technologies in the same category.

Several factors contributed to the differing adoption rates based on demographic trends and technological advancements discussed in the document:

1. **Demographic Trends**: 
   - **Gender Disparity**: Early adopters of ChatGPT were predominantly male, but this gender gap has narrowed over time, suggesting increasing inclusivity and broader interest among women.
   - **Income Levels**: There was noted higher growth rates of adoption in lower-income countries, which may reflect the accessibility and appeal of ChatGPT as a cost-effective resource for individuals in those regions.

2. **Usage Patterns**: 
   - The context highlights a shift in usage patterns, with a significant increase in non-work-related messages, which grew from 53% to over 70% of all usage. This trend suggests that users are finding diverse applications for ChatGPT beyond professional contexts, potentially driving broader adoption.

3. **Technological Advancements**: 
   - ChatGPT is built on advancements in Large Language Models (LLMs), which have accelerated the capabilities of AI technologies. This progression in technology may have made ChatGPT more attractive and user-friendly compared to its predecessors or similar offerings.

Overall, while specific adoption rates of similar AI technologies are not provided, the distinctive growth of ChatGPT can be attributed to its demographic appeal, varied usage patterns, and the rapid advancement in AI technology that supports its functions."
503b4ef0-aba6-4a39-8480-5163ef341cc0,"ChatGPT was publicly launched on November 30, 2022, as a ""research preview"" utilizing the GPT-3.5 model. This launch date is notable because it set the stage for subsequent advancements in AI models developed by OpenAI. Following ChatGPT's launch, several key events occurred in the timeline of OpenAI's AI model releases:

1. **February 1, 2023**: The launch of the ChatGPT Plus subscription service.
2. **March 14, 2023**: The introduction of GPT-4 within ChatGPT Plus.
3. **Subsequent launches**: These included various iterations and enhancements of the model, such as GPT-4o and eventually GPT-5, with releases extending into 2025.

In comparison to the launch of ChatGPT, GPT-4's availability came just a few months later, indicating a rapid progression in model development. This timeline underscores how quickly OpenAI evolved its offerings following the initial release of ChatGPT.

Technologically, ChatGPT distinguished itself from its predecessors through several advancements and features:

- **Underlying Model**: ChatGPT initially utilized GPT-3.5, a significant step from earlier models. This model offered improved performance in generating coherent and contextually relevant text.
- **Web and Database Integration**: ChatGPT introduced capabilities allowing the model to search the web and access external databases, enhancing the breadth of information it could provide in responses.
- **Image Generation**: Subsequent versions added the ability to generate images based on text prompts, expanding the interactivity and versatility of the platform.
- **User Engagement Metrics**: By July 2025, ChatGPT had achieved remarkable user engagement, with over 700 million users sending approximately 2.5 billion messages per day, highlighting its rapid adoption and integration into daily use.

Overall, the launch of ChatGPT marked a significant milestone in AI development, showcasing advancements in model capabilities, user interactivity, and feature enhancements that set the course for future iterations."
e3dd6945-f409-4b4d-8f61-cda33286a4fe,"The three most common topics in ChatGPT conversations, as identified in the provided context, are Practical Guidance, Seeking Information, and Writing. These topics account for approximately 77% of all conversations, indicating a significant level of user engagement.

1. **User Engagement**: 
   - **Practical Guidance**: This topic remains stable at around 29% of all usage. It suggests users frequently seek actionable advice or support, which can lead to high engagement as users often return for more guidance on various issues.
   - **Seeking Information**: This topic has shown growth, increasing from 14% to 24% over one year. This increase reflects a rising trend in users looking for specific knowledge or answers, which can also foster engagement as users may participate in back-and-forth dialogues to clarify their inquiries.
   - **Writing**: This topic has seen a decline from 36% to 24%. Despite the drop, it remains a substantial area of engagement, especially among users in management and business, where writing is critical. The majority of writing-related requests involve modifying existing text rather than creating new content, indicating a nuanced engagement where users are actively involved in refining their work.

2. **Complexity of Responses Required**: 
   - **Practical Guidance** typically requires complex and context-aware responses, as users may ask for step-by-step advice on various topics.
   - **Seeking Information** may vary in complexity depending on the specificity of the question. Some inquiries may demand detailed, nuanced answers, while others could be straightforward factual responses.
   - **Writing** requests may require varying levels of complexity. While some users may need simple corrections, others might seek comprehensive editing or creative writing, necessitating more intricate responses.

3. **Underlying Themes**: 
   - The themes of **assistance and support** are prevalent across all three topics. Users are actively looking for help, whether through direct guidance, information-seeking, or writing support. 
   - The trend towards increased **information-seeking** suggests a growing curiosity or need for knowledge, which can be attributed to a more informed user base or a shift in user priorities.
   - The decline in **writing** could indicate a saturation in that area or a shift toward more immediate, practical applications of ChatGPT’s capabilities, reflecting changing user needs or preferences over time.

In summary, the three most common topics in ChatGPT conversations exhibit significant user engagement, with varying complexities in response requirements. The underlying themes emphasize a consistent demand for assistance, a growing curiosity for information, and a potential shift in how users engage with writing tasks."
c6cfb198-ff59-47d6-91a0-5f00a014071d,"The increase in non-work-related messages from 53% in June 2024 to 73% in June 2025 can be attributed to several factors indicated in the context. First, the study reveals that successive cohorts of users have a higher share of non-work messages, suggesting that newer users may be more inclined to use the platform for non-work purposes. Additionally, within each cohort, the non-work use has also increased, indicating a general trend toward a greater focus on non-work-related communications over time.

Comparatively, work-related messages saw a decrease from 47% in June 2024 to 27% in June 2025. This decline in work-related messages, alongside the rapid growth of non-work-related messages, highlights a significant shift in user intent and behavior, with users increasingly favoring non-work interactions.

Overall, the growth of non-work-related messages was more pronounced than the changes observed in work-related messages during the same period, reflecting a broader trend in user engagement with the platform."
afa25268-3445-4516-acd5-675347e54fb8,"The context provides insights into the characteristics and motivations of early adopters of ChatGPT compared to traditional technology adopters. Here are the key points derived from the provided information:

1. **Demographic Characteristics**:
   - **Gender**: Early adopters of ChatGPT were disproportionately male, although the gender gap has narrowed over time.
   - **Age**: The early adopters tend to be younger, as indicated by the broader patterns of technology use in generative AI.
   - **Education**: Users are more likely to have tertiary or graduate education, which aligns with traditional technology adopter profiles that often favor individuals with higher education levels.

2. **Motivations**:
   - **Usage Patterns**: There is a notable increase in the use of ChatGPT for non-work-related messages, which rose from 53% to over 70% of all usage. This suggests that early adopters are motivated not just by professional utility but also by personal interests and leisure activities.
   - **Growth in Lower-Income Countries**: The growth rates are higher in lower-income countries, indicating that the motivations of early adopters may also be influenced by the accessibility and potential for AI tools to bridge gaps in technology and productivity.

3. **Comparison to Traditional Technology Adopters**:
   - Traditional technology adopters often gravitate towards innovations that enhance work efficiency and productivity. In contrast, early adopters of ChatGPT demonstrate a broader interest in diverse applications, reflecting a shift towards more holistic uses of technology.
   - Early adopters are more likely to embrace new technology quickly, driven by curiosity and a desire for innovation, whereas traditional adopters may take a more cautious approach, prioritizing proven benefits.

4. **Implications for Future Development and Marketing Strategies**:
   - **Targeted Marketing**: Understanding the demographic trends and motivations can inform targeted marketing strategies, especially as the user base expands to include a more diverse audience.
   - **Feature Development**: Developers might focus on enhancing features that cater to personal use and leisure, given the significant growth in non-work-related applications.
   - **Global Outreach**: The higher adoption rates in lower-income countries suggest that marketing strategies should consider regional differences and emphasize accessibility and affordability.
   - **Education and Support**: As the user base includes a mix of education levels, providing educational resources and support for less tech-savvy users can help foster further adoption and utilization.

In summary, early adopters of ChatGPT exhibit distinct characteristics and motivations that diverge from traditional technology adopters. These differences, particularly in terms of demographic diversity and usage patterns, have significant implications for the future development and marketing of AI tools. Further research and data would be necessary to provide a more comprehensive analysis of these trends."
8e20b120-7afd-43ae-8c63-aff9684a5f9f,"ChatGPT was launched in November 2022, marking a significant milestone as the first mass-market chatbot built on a Large Language Model (LLM). Its introduction came at a time when the capabilities of LLMs were rapidly evolving, reflecting a decade of advancements in artificial intelligence. By July 2025, ChatGPT had achieved remarkable user engagement, with 700 million users sending approximately 2.5 billion messages daily. This growth represented about 10% of the global adult population, illustrating an unprecedented speed of global diffusion for a new technology.

In comparison to other major AI language models, while the document does not provide specific launch dates for these models, it does highlight that ChatGPT's release followed a trajectory of increasing interest and development in conversational AI technologies. The rapid adoption of ChatGPT and generative AI more broadly has intensified discussions around the economic, employment, and societal implications of these technologies.

The introduction of ChatGPT has had a profound impact on the evolution of conversational AI technologies. It not only set a benchmark for user engagement but also prompted a surge in interest and research regarding AI’s effects on various sectors. The documented increase in consumer queries—particularly non-work-related queries—indicates a shift in how users interact with AI, further emphasizing the technology's integration into everyday life beyond professional contexts.

In summary, ChatGPT’s launch signifies a pivotal moment in the advancement and adoption of conversational AI, leading to widespread usage and catalyzing further exploration into the implications of such technologies in society. The context provided does not include specific release dates for other major AI language models, limiting a direct comparison but establishing ChatGPT's significance in the broader landscape of AI development."
9faa17f1-97b5-4cbb-8283-d6e9374b52ac,"By July 2025, ChatGPT users were sending more than 2.5 billion messages per day, which translates to approximately 17.5 billion messages per week. This significant volume indicates a high level of engagement among users. However, the context does not provide specific comparative figures for the average weekly message volume across other AI platforms, making it impossible to draw direct comparisons.

Several factors contributed to the observed differences in user engagement and messaging patterns between ChatGPT and other AI technologies. Firstly, the rapid growth in message volume was attributed to both the introduction of new cohorts of users and increased activity from existing users. The data suggests that earlier sign-ups had consistently higher usage rates, but all cohorts experienced growth over time. 

Improvements in the capabilities of the models played a crucial role in enhancing user engagement. As users became more familiar with the technology, they discovered new uses for existing capabilities, leading to increased messaging activity. The context also highlights that a significant portion of ChatGPT queries (about 70%) were unrelated to work, with non-work queries growing faster than work-related ones. 

Additionally, demographic trends showed that a large portion of users were younger individuals, and there was a notable closing of gender gaps in usage. This broad demographic appeal, along with the rapid adoption observed particularly in low- and middle-income countries, likely contributed to the high engagement levels seen with ChatGPT.

In summary, while the precise comparison to other AI platforms is not available, the factors influencing ChatGPT's user engagement include model improvements, broad demographic appeal, and the discovery of new use cases, all contributing to its rapid growth in message volume."
1ae10dab-8c2c-4210-9ffd-428f5a440444,"As of July 2025, ChatGPT has more than 700 million weekly active users, which represents nearly 10% of the world’s adult population. While the specific percentage of adults using social media platforms is not provided in the context, it is widely known that social media usage typically encompasses a significant portion of the global adult population, often exceeding 50% in many regions. 

The implications of these figures for digital engagement trends across different demographics are noteworthy:

1. **Diverse Engagement**: The substantial percentage of adults using ChatGPT (10%) suggests that this platform has gained significant traction among adults, particularly in comparison to social media, which has a broader user base. This indicates that while social media remains a dominant form of digital engagement, specialized tools like ChatGPT are carving out a significant niche, especially for work-related tasks.

2. **Demographic Shifts**: The context notes that ChatGPT usage is particularly high among younger users (under 26) and educated individuals, indicating that these demographics are more inclined to engage with AI-driven platforms for practical applications. This trend may suggest a shift in how younger adults prefer to communicate and perform tasks, potentially impacting the future of workplace interactions and educational tools.

3. **Global Impact**: The rapid growth of ChatGPT usage, particularly in low- and middle-income countries, highlights the potential for digital engagement tools to bridge gaps in communication and information access across different economies. This could lead to more equitable access to information and resources, significantly affecting global economic dynamics.

4. **Gender Parity**: The closing gender gap in ChatGPT usage, with more than half of the users having typically female names, indicates a shift in engagement patterns and may reflect broader societal changes in technology adoption among different genders.

In summary, while we cannot directly compare the percentage of ChatGPT users with social media users from the provided context, the implications of the 10% figure for ChatGPT usage suggest significant trends in digital engagement that are influenced by age, education, and global economic status. These trends indicate a diversification of how adults engage with digital platforms, moving beyond traditional social media to more specialized applications like ChatGPT."
0c5be5ca-329a-4b1d-ae6c-dbcebfc61052,"The underlying technology of ChatGPT, which utilizes various versions of the GPT (Generative Pre-trained Transformer) architecture, distinguishes itself from other AI language models in several key areas: architecture, training methodologies, and applications. 

### Architecture
ChatGPT is built on the transformer architecture, a design that has become the backbone of many state-of-the-art language models. The transformer model allows for efficient processing of large amounts of text data by utilizing mechanisms like self-attention, which enables the model to weigh the importance of different words relative to each other. Compared to earlier architectures such as RNNs (Recurrent Neural Networks) and LSTMs (Long Short-Term Memory networks), transformers provide superior performance in understanding context and generating coherent text.

### Training Methodologies
The training of ChatGPT involves a two-step process: pre-training and fine-tuning. During pre-training, the model learns from a vast corpus of text using unsupervised learning, where it predicts the next word in a sentence. Fine-tuning is conducted with supervised learning on specific tasks, often involving user interactions and feedback to enhance its performance in generating human-like responses. This iterative improvement process contributes to the model's adaptability to user needs and feedback, making it more refined than some other models that may not prioritize such ongoing training.

### Applications
ChatGPT's applications are diverse, ranging from simple chatbots to complex decision-support systems. Its ability to generate customized responses allows it to serve various functions, such as providing tailored advice, generating creative content, and offering practical guidance. These capabilities make ChatGPT particularly valuable in knowledge-intensive professions where decision-making and productivity are paramount.

### Performance Implications
The performance of ChatGPT is enhanced by its architecture and training methodologies, leading to higher user satisfaction and better quality responses compared to some other models. Its flexibility and ability to generate novel content based on user input create a competitive advantage, especially in scenarios requiring personalized interaction.

### Ethical Considerations
The implications of ChatGPT's technology also extend to ethical considerations. The model's capacity for generating human-like text raises concerns about misinformation, bias, and the potential for misuse. As it is frequently updated and fine-tuned based on user interactions, there is a continuous need for oversight and ethical guidelines to ensure responsible use. The economic value it provides, particularly in professional contexts, must be weighed against these ethical challenges.

In summary, ChatGPT's transformer-based architecture, robust training methodologies, and wide-ranging applications position it as a leader among AI language models. However, this performance comes with significant ethical considerations that need to be addressed as the technology continues to evolve."
5d70dfdd-2ea6-4020-b937-403e7e9393f8,"The findings on consumer usage patterns of ChatGPT indicate a significant trend towards non-work-related queries, which account for about 70% of total consumer queries as of July 2025. This growth in non-work usage is occurring at a faster rate than work-related queries, suggesting a broad adoption of ChatGPT for various purposes beyond professional tasks. The implications of this trend highlight the potential for substantial welfare gains from generative AI, as indicated by the estimated surplus of at least $97 billion a year for U.S. users who value their access to the technology.

In contrast, the identified challenges and benefits of AI-driven customer interactions point to a dual role that AI can play—serving as both a co-worker that produces output and as a co-pilot that enhances decision-making. The paper suggests that while ChatGPT improves worker output by providing decision support, its primary value lies in its ability to assist users, particularly in knowledge-intensive jobs. This aligns with the observation that educated users in professional occupations tend to engage more with Asking messages, which are rated higher in quality by users and classifiers.

The implications of comparing these findings suggest that future marketing strategies should consider the diverse applications of ChatGPT. Marketers could tailor their approaches to leverage the growing trend in non-work usage by highlighting the technology’s versatility in various contexts—ranging from casual inquiries to professional support. Additionally, understanding that users derive significant value as advisors or research assistants could lead to more targeted marketing campaigns that address specific needs in both personal and professional spheres.

Overall, the data indicates that as the landscape of consumer interactions with AI evolves, marketing strategies must adapt to encompass both the growing non-work-related engagement and the ongoing value derived from work-related decision support, ultimately positioning ChatGPT as a multifaceted tool in consumers' lives."
293565b4-571e-4575-a27e-b3884f6933ff,"The authors of the working paper titled ""How People Use ChatGPT"" bring diverse backgrounds and expertise that significantly shape the perspectives and findings presented in the paper. Each author likely contributes unique insights based on their respective fields, which include economics, labor studies, and data analysis. For instance, David J. Deming’s work on labor markets and productivity can inform the analysis of how ChatGPT enhances worker output, particularly in knowledge-intensive jobs. Similarly, the expertise of Aaron Chatterji and Thomas Cunningham in economic policy may influence the exploration of economic value derived from AI technologies.

The individual contributions of the authors help to create a well-rounded examination of user interactions with ChatGPT. Their findings suggest that ChatGPT serves as a decision support tool, which is especially beneficial for educated users in high-paying, professional occupations. This insight is particularly relevant in understanding how AI tools can improve productivity and decision-making processes in the workforce.

The implications of these findings extend to our understanding of user interactions with AI technologies. By highlighting demographic differences in usage patterns—such as greater use among younger, educated individuals—the paper underscores the potential socioeconomic divides in access to and benefit from AI tools. This reinforces existing literature that notes disparities in AI usage by demographic groups, as seen in studies by Bick et al. (2024) and Hartley et al. (2025). 

Furthermore, the authors' conclusions align with the model proposed by Ide and Talamas (2025), which categorizes AI agents as either co-workers or co-pilots. This framework helps contextualize the role of ChatGPT in augmenting human problem-solving rather than replacing it. The paper confirms and expands on existing literature by providing a global perspective and detailed demographic analysis, indicating a possible shift in perception towards recognizing the nuanced roles that AI technologies play in professional settings.

In summary, the authors' diverse expertise enriches the analysis in the paper, and their findings reflect and build upon existing literature on AI usage, offering new insights into the economic and social dynamics of interacting with AI technologies like ChatGPT."
3a210bb8-6fcd-4c83-a218-41769b26c26e,"The National Bureau of Economic Research (NBER), as the institution publishing the working paper series, plays a significant role in contributing to the broader academic discourse on economic topics. NBER is well-respected within the field of economics and is known for its rigorous research and influential findings. The working papers, including the one titled ""How People Use ChatGPT,"" serve as preliminary reports that allow for discussion and commentary before any formal peer review process. This circulation of ideas fosters engagement among scholars and practitioners, encouraging a collaborative approach to understanding emerging topics such as the implications of AI technologies in the economy.

The reputation of NBER enhances the perceived validity of the findings presented in its working papers. Researchers and policymakers are more likely to consider the insights from NBER's outputs credible due to the institution's established history of producing high-quality research. When compared to similar organizations, such as universities and other research institutes, NBER's focus on economic research and its connections to prominent economists and institutions further bolster its credibility. This standing influences the impact of the NBER working paper series within the field, as findings from NBER are often cited and discussed in subsequent research, policy debates, and academic literature, thereby amplifying their relevance and importance in shaping economic understanding.

However, it is important to note that the working papers have not undergone peer review, which means that while they are valuable for early-stage insights, readers should approach them with an understanding of their provisional nature. The explicit acknowledgment of co-authors disclosing additional relationships also adds a layer of transparency, though it necessitates a careful consideration of potential biases that might influence the research conclusions. Overall, NBER's contributions and reputation significantly enhance the discourse surrounding the economic implications of new technologies, while also highlighting the importance of rigorous scrutiny in the academic community."
7174eb9e-6393-4511-b37f-a42ab0ab080f,"The timeline of the approval of the working paper by Harvard's Institutional Review Board (IRB) reflects the institution's commitment to rigorous research ethics, emphasizing stakeholder involvement, regulatory compliance, and thorough review processes. Although specific details about the length of the approval process are not provided, the indication that the study was approved (IRB25-0983) suggests that Harvard prioritizes ethical scrutiny, which is essential in maintaining the integrity and credibility of research outputs. This careful approach may serve to align with broader institutional values regarding responsible research and the protection of participant welfare.

In comparison to other leading academic institutions, Harvard's IRB process may be similarly stringent, often requiring comprehensive documentation of research methodologies and ethical considerations. The time taken for approval could also reflect the complexity of the research and the need for stakeholder engagement, which enhances the trustworthiness of the findings. Future research protocols at Harvard may continue to evolve under these guidelines, potentially adopting best practices observed in other institutions, which could include increased transparency and collaboration with stakeholders.

The factors influencing the approval timeline, such as stakeholder involvement and regulatory compliance, play a critical role in shaping the overall integrity and credibility of research. By ensuring that various perspectives are considered and that all research complies with established ethical standards, Harvard's IRB process helps safeguard the quality of research undertaken. This commitment to ethical oversight not only enhances the reliability of the results but also fosters public trust in academic research, which is vital in the context of economic studies, especially those that may impact policy and societal outcomes."
d2c4d597-b11f-4556-bce9-acd089ab4d99,"The working paper number assigned to this study, in this case, ""Working Paper 34255,"" is a part of the National Bureau of Economic Research (NBER) Working Paper Series. This numbering system helps in organizing and cataloging the papers within the NBER framework, facilitating easier access for researchers, practitioners, and policymakers who are interested in economic research. The specific number can enhance the paper's visibility, as it provides a unique identifier that aids in referencing and citation, thus contributing to its perceived credibility. 

However, it is important to note that NBER working papers are circulated for discussion and comment purposes and have not undergone formal peer review. This aspect can affect the paper's perceived credibility within the academic community; while the NBER is a respected institution, the lack of peer review means that the findings should be treated with caution until they are validated through a more rigorous review process. Consequently, dissemination of findings from NBER working papers may be less robust compared to fully peer-reviewed studies, as the latter typically command more authority and trust among scholars and practitioners. This distinction can influence how findings are received and utilized in subsequent research and policy-making, potentially limiting the impact of studies with working paper status compared to those published in peer-reviewed journals."
5701d67f-5c22-4d64-89dc-9e135c07a126,"The context provided does not specify the exact location of the repository containing the code used for the analyses in the paper. However, it mentions that more information can be found online at the National Bureau of Economic Research (NBER) webpage for the paper (http://www.nber.org/papers/w34255), which may include links to the code repository. 

The accessibility of the code is crucial for the reproducibility of the study's findings because it allows other researchers to verify the analyses, replicate the results, and understand the methodologies used. When code is made available, it enhances transparency and trust in the research process, as other scholars can review the computational methods and data handling practices employed in the study.

Having this code available for future research in the same field can lead to several implications. It promotes collaborative advancement of knowledge by enabling researchers to build upon each other's work, test new hypotheses, and refine existing methodologies. Furthermore, it sets a standard for transparency that can inspire other researchers to share their code, ultimately leading to improved research practices across the field.

In comparison to similar studies, the availability of code can significantly enhance transparency. Many studies in economic research and related fields often do not provide access to their underlying code, which can hinder reproducibility and collaborative efforts. By sharing code, the authors of this paper may set a precedent for greater openness, encouraging a culture where researchers prioritize making their work accessible and verifiable by others."
5bef876c-3752-4ea5-9b9d-50098c6f9cc5,"By July 2025, ChatGPT had been adopted by approximately 10% of the world's adult population, equating to around 700 million users sending 18 billion messages per week. This rapid adoption rate is noteworthy as it represents an unprecedented speed of global diffusion for a new technology, surpassing the early adoption phases of other technological advancements such as smartphones and social media.

In comparison, the adoption rates of smartphones and social media during their respective early phases were significantly slower. For instance, smartphones took several years to reach comparable penetration levels, as did social media platforms, which often required users to build networks and engage with content over time. The context suggests that the rapid growth of ChatGPT can be attributed to several factors, including:

1. **Immediate Utility**: ChatGPT offers immediate and versatile applications, with a notable increase in non-work-related queries (growing from 53% to over 70% of usage), demonstrating its relevance in everyday life.
2. **Global Reach**: The technology has seen higher growth rates in lower-income countries, indicating broad accessibility and appeal.
3. **Gender Gap Reduction**: While early adopters were predominantly male, the narrowing gender gap suggests that the technology is becoming more universally accepted and utilized.

The implications of these trends for future developments in AI technology and its integration into daily life are profound. The swift adoption of ChatGPT could signal a growing familiarity and comfort with AI tools, paving the way for more advanced AI applications in various sectors. Furthermore, as non-work-related usage continues to increase, it may influence how people interact with technology, emphasizing the importance of AI in leisure and personal contexts, not just professional ones. This shift could encourage further innovation and integration of AI solutions into everyday activities, ultimately reshaping societal norms and economic structures. 

Overall, while the context offers valuable insights into the adoption of ChatGPT, it does not provide specific comparative statistics for the adoption rates of smartphones or social media, nor does it detail the exact reasons for the differences in adoption rates beyond the mentioned factors."
9bb77795-d0ff-4960-8b25-c2965a0b8184,"The launch of ChatGPT in November 2022 significantly influenced the landscape of conversational AI technologies, marking it as the first mass-market chatbot that achieved unprecedented global reach and user engagement. By July 2025, ChatGPT had attracted 700 million users, sending approximately 2.5 billion messages daily, which indicates a rapid diffusion of technology that had not been seen before (Bick et al., 2024). This mass adoption reflects a broader acceptance and reliance on AI technologies in everyday life, fundamentally shifting societal perceptions and expectations around AI capabilities.

### Implications for User Interaction
The rapid adoption of ChatGPT has transformed user interaction with AI, as evidenced by the finding that non-work-related queries accounted for about 70% of all interactions by July 2025. This shift indicates that users are increasingly engaging with AI for personal, recreational, and social purposes rather than solely for professional or work-related tasks. The diversity in usage patterns suggests that users are beginning to view AI as a versatile tool for a wide array of applications, leading to a more integrated experience in their daily lives.

### Ethical Considerations
The swift rise of ChatGPT also brings to the forefront several ethical considerations. The scale of data generated by such a large user base raises questions about privacy, data security, and the potential for misuse of AI-generated content. The paper mentions a novel privacy-preserving methodology employed in analyzing user data, highlighting the importance of ethical frameworks in developing and deploying AI systems. As AI becomes more embedded in society, ensuring responsible usage and addressing biases in AI responses will be crucial for maintaining public trust.

### Future Development of AI Systems
The success of ChatGPT has set new benchmarks for future AI development, emphasizing the need for enhanced capabilities in understanding and generating human-like conversation. The growing interest in LLMs signifies that subsequent AI systems will likely prioritize user experience, personalization, and adaptability. The trends observed in usage—especially the increased engagement in non-work-related contexts—illustrate the potential for AI to evolve beyond traditional applications, prompting developers to explore innovative features and functionalities.

### Comparison with Previous Major AI Releases
When compared to previous major AI releases, ChatGPT's impact is particularly notable. Earlier AI technologies, while groundbreaking, did not achieve the same level of mass adoption in such a short time frame. For instance, prior advancements in AI, such as IBM’s Watson or Google’s DeepMind, were often confined to specific industries or applications. ChatGPT's widespread accessibility and user-friendly interface have democratized AI usage, shifting public perception from viewing AI as a niche technology to a commonplace tool integrated into daily life.

In conclusion, the launch of ChatGPT has fundamentally reshaped the landscape of conversational AI technologies, influencing user interaction, raising ethical considerations, and paving the way for future AI developments. The societal perceptions surrounding AI capabilities have also evolved, with ChatGPT exemplifying a shift towards broader acceptance and expectation of AI's role in personal and professional contexts."
ddfdc969-ec91-47c3-ac41-7b2aa69a89e0,"Based on the provided context, the three most common topics discussed in ChatGPT conversations can be inferred to include:

1. **Seeking Information**: Users frequently engage with ChatGPT to ask questions and seek information on a variety of subjects. This reflects a broader societal trend where individuals increasingly rely on AI for immediate access to knowledge rather than traditional search engines. The rise of ""asking"" messages, which have shown faster growth and higher quality ratings, indicates a shift towards interactive information-gathering.

2. **Practical Guidance**: Many users seek practical advice or guidance, such as tailored workout plans, product ideas, or creative brainstorming (e.g., fantasy football team names). This trend mirrors a growing desire for personalized and actionable insights, highlighting an emphasis on self-improvement and creativity in modern society. The customization aspect of generative AI addresses this need, making it more appealing than static information sources.

3. **Work-Related Messages**: There is a notable presence of professional inquiries among users, particularly those who are highly educated and in professional occupations. This reflects the increasing integration of AI into workplace practices, where users leverage ChatGPT for productivity, efficiency, and problem-solving. The notable engagement from younger users and the closing gender gap also suggest that diverse demographics are utilizing AI tools for career advancement.

**Evaluation of Prevalence and Implications**:
The prevalence of these topics can be attributed to several factors:

- **User Engagement and Satisfaction**: The ability of ChatGPT to provide tailored and contextually relevant responses enhances user satisfaction, encouraging more interactions. The dynamic nature of conversation—where users can follow up and refine their queries—improves the overall experience compared to traditional search engines.

- **Comparison with Other AI Chatbots**: ChatGPT's flexibility and advanced capabilities differentiate it from other AI chatbots, which may focus on more rigid, scripted responses. This leads to higher engagement levels, especially in contexts requiring nuanced understanding and adaptability.

**Impact on Future AI Model Development**:
The identified common topics suggest significant implications for the future development of AI models:

- **Customization and Personalization**: Future AI models may need to enhance their capabilities for personalization further, adapting to individual user preferences and contexts to maintain engagement. As users increasingly seek tailored guidance, AI must evolve to provide more nuanced and specific responses.

- **Broader Societal Concerns**: As societal trends shift towards rapid information access and self-improvement, AI models might need to address emerging issues such as misinformation, ethical considerations in advice-giving, and the impact of AI on job roles. This necessitates integrating safeguards and ethical frameworks into future AI design.

In summary, the prevalent topics of seeking information, practical guidance, and work-related inquiries reflect broader societal trends towards personalization, efficiency, and the integration of AI into everyday life. These trends will likely shape the ongoing development of AI technologies, emphasizing the importance of adaptability, user engagement, and ethical considerations."
c91c9c8a-72aa-4009-ba4e-5d8b09611e86,"The analysis of the growth of non-work-related messages, which increased from 53% in June 2024 to 73% by June 2025, indicates a significant shift in communication dynamics within the workplace. This 20% increase reflects a growing trend where employees are engaging in more personal or informal interactions, as evidenced by the cumulative sign-up cohorts that show a higher share of non-work messages and increasing non-work use within each cohort.

Several factors may have contributed to this increase in non-work-related messages. Firstly, the evolving workplace culture, particularly with the rise of remote work and flexible work arrangements, might encourage employees to foster personal connections through informal communication. This shift could lead to a more relaxed communication environment where employees feel comfortable sharing non-work-related content, resulting in a higher volume of such messages.

Additionally, the data presented in Figure 12 indicates that the intent behind messages is shifting, with a notable rise in ""Asking"" messages (51.6%) compared to ""Doing"" (34.6%) and ""Expressing"" (13.8%). This trend suggests that employees are increasingly seeking information or engaging in discussions that are not strictly work-focused, further contributing to the growth of non-work-related communications.

The implications of this trend for employee productivity and workplace culture can be profound. On one hand, the increase in informal communication can enhance workplace relationships, foster a sense of belonging, and improve overall morale. On the other hand, if non-work-related messages distract from work tasks, there could be potential impacts on productivity. Organizations may need to find a balance, encouraging informal interactions while ensuring that work efficiency is not compromised.

When comparing this growth rate of non-work-related messages to work-related messages, which saw a decline from 47% to 27%, it is evident that the prioritization of communication within organizations is shifting. This dramatic difference suggests a broader change in communication priorities, where the emphasis may be moving away from strictly professional interactions towards a more holistic approach to employee well-being and engagement.

In conclusion, the significant growth of non-work-related messages represents a key shift in workplace communication dynamics, influenced by cultural changes and employee preferences. While this trend can foster a positive workplace culture, organizations must remain vigilant to ensure that productivity is not adversely affected."
7ae93959-349e-45c1-a037-82b137f6b073,"The characteristics of early adopters of ChatGPT exhibit several similarities and differences when compared to early adopters of similar technological innovations. Based on the context provided, early adopters of ChatGPT were initially disproportionately male, but this gender gap has been narrowing. Additionally, early adopters tend to be younger and possess higher levels of education, aligning with trends observed in the adoption of other technological innovations. However, a notable distinction is the faster growth rate of ChatGPT adoption in lower-income countries compared to previous technologies, indicating a broader global reach and accessibility.

These characteristics suggest that early adopters of ChatGPT, like those of other innovations, are often more technologically savvy and willing to experiment with new tools. The narrowing gender gap in usage implies that as the technology matures, it becomes more appealing across a wider demographic, potentially leading to a more balanced adoption across genders. Furthermore, the growth in adoption among lower-income countries could reflect a desire for inexpensive and efficient solutions to various challenges, thus broadening the technological landscape.

Understanding these characteristics has profound implications for assessing the broader societal impacts of AI adoption. For instance, the fact that younger individuals and those with higher education levels are more likely to use ChatGPT may indicate a shift in how knowledge and skills are disseminated, potentially widening the gap between tech-savvy populations and those who may lack access to both education and technology. This can lead to disparities in economic opportunities and social mobility.

The characteristics of early adopters also influence the speed and manner in which various groups integrate AI technologies into their daily lives. Individuals who are younger and more educated may have greater familiarity with technology, enabling quicker adaptation and integration of AI into their routines. In contrast, demographics with less access to education or technological resources may face barriers to adoption, slowing their integration of AI technologies. The observed trends suggest that as AI tools like ChatGPT become more ubiquitous and user-friendly, broader segments of the population may begin to adopt these technologies, albeit at different rates influenced by existing demographic factors. 

In summary, the early adoption characteristics of ChatGPT reflect familiar patterns observed in other technological innovations, with the additional nuance of significant growth in lower-income regions. These factors are critical for understanding the societal impacts of AI adoption and the varying degrees of integration across different demographics."
76e76b57-0907-437e-8df6-0148ac7d289f,"The launch of ChatGPT in November 2022 has significantly influenced the landscape of artificial intelligence (AI) and natural language processing (NLP) by marking the introduction of the first mass-market chatbot, which quickly gained immense popularity and usage. By July 2025, approximately 700 million users were sending around 2.5 billion messages per day, representing a rapid and unprecedented global diffusion of technology, with about 10% of the global adult population actively engaging with the platform.

The introduction of ChatGPT has accelerated interest in LLM capabilities and their potential impacts on various sectors, including economic growth, employment, and societal interactions. The rapid adoption of this technology has led to increased exploration of its implications across these areas, highlighting the transformative power of AI in everyday life.

In terms of societal communication patterns, the data indicates that a significant portion of ChatGPT's usage, approximately 70%, is related to non-work activities. This suggests a shift in how individuals communicate, with people increasingly turning to AI for personal inquiries, entertainment, and informal interactions, rather than solely for professional or work-related tasks. The growth in non-work-related queries, which have outpaced work-related ones, points to a broader integration of AI into daily communication practices.

The widespread adoption of ChatGPT also raises various ethical considerations. As AI becomes more entrenched in communication, concerns regarding privacy, misinformation, and the potential for over-reliance on technology become paramount. The paper notes that no user messages were observed by humans in their analysis, which reflects an effort to address privacy issues, but broader ethical implications regarding data use and AI's role in shaping human interactions remain critical discussions within the field.

In conclusion, ChatGPT's launch has brought forth significant changes in AI and NLP, leading to rapid adoption and altering communication patterns among users. The increasing integration of such technologies into personal and societal communication raises essential ethical considerations that must be addressed as AI continues to evolve and permeate various aspects of life."
0bef9293-1d8a-4ebc-8b23-fd9d19a9f640,"By July 2025, users of ChatGPT were sending approximately 18 billion messages each week, which is a significant figure representing around 10% of the global adult population. The context indicates that messaging has been growing continuously, with non-work-related messages increasing at a faster rate than work-related messages. By this time, non-work messages accounted for more than 70% of all consumer ChatGPT messages.

Several factors contributed to the observed trends in messaging frequency. Firstly, the rapid adoption of ChatGPT and generative AI technologies since its launch in November 2022 has likely led to an increase in user engagement and exploration of the platform. The classification of messages indicates a shift in user behavior, where the majority of interactions are now focused on non-work-related topics. This change is attributed to evolving usage patterns within existing user cohorts rather than a change in the composition of new users.

The implications of this high volume of communication for user engagement and the effectiveness of AI interactions are significant. The increase in non-work-related queries suggests that users are finding diverse and possibly more personal applications for ChatGPT, which may enhance user satisfaction and engagement. This trend indicates a growing reliance on AI for various aspects of daily life outside of traditional work contexts, hinting at a deeper integration of AI into personal routines.

Furthermore, the substantial consumer surplus estimated at $97 billion in 2024 underscores the economic value users derive from AI interactions, suggesting that effective and engaging AI communication can lead to increased user loyalty and ongoing interaction with the technology. As user engagement grows, developers may focus on enhancing the conversational abilities of AI, tailoring experiences to user preferences, and addressing non-work-related inquiries more comprehensively.

In comparison to messaging trends from previous years, the rapid increase in both the number of messages and the shift toward non-work-related content indicates an evolving relationship between users and AI technology. This evolution suggests that as AI capabilities improve, users are increasingly willing to engage with AI for a broader range of purposes, indicating an expanding role for AI in everyday life.

In summary, by July 2025, ChatGPT users were sending 18 billion messages weekly, with a notable shift toward non-work-related queries. This trend reflects changing user engagement and highlights the potential for future AI development to focus on enhancing user experience across diverse applications."
f0060b3c-90c8-4ce9-b7bb-a34d9e1f0ea0,"As of July 2025, approximately 700 million ChatGPT users represent nearly 10% of the estimated global adult population of around 5 billion. This percentage indicates a significant level of adoption of AI-driven tools like ChatGPT, reflecting broader trends in technology adoption and digital literacy across various regions and demographics.

The rapid growth of ChatGPT from 1 million users shortly after its launch in November 2022 to 700 million users within two years illustrates a remarkable acceptance and integration of artificial intelligence into daily life. This trend is particularly pronounced among younger demographics, with nearly half of all messages sent by users under the age of 26, and a notable reduction in gender gaps in usage, as more than half of users now have typically female first names. 

The increased usage of ChatGPT in low- and middle-income countries also suggests that access to technology is becoming more widespread, highlighting a shift toward greater digital literacy across diverse populations. Users with higher education and those in professional occupations tend to utilize ChatGPT more for work-related tasks, indicating that AI tools are becoming integral to professional communication and productivity.

The implications of such a large user base on societal communication patterns are profound. As more individuals and professionals adopt AI tools for communication and task management, we can expect shifts in how information is shared and processed. Industries reliant on traditional communication methods may evolve to accommodate AI-enhanced workflows, potentially increasing efficiency but also raising concerns about data privacy and the authenticity of AI-generated content.

Furthermore, the widespread adoption of ChatGPT may influence the evolution of AI technology itself. As user feedback and behavior are analyzed, developers may refine algorithms to better meet user needs, pushing the boundaries of AI capabilities. Public perception of AI tools is likely to evolve in tandem with this growth; while initial skepticism may persist, increased familiarity and utility could foster greater acceptance and reliance on AI solutions.

When comparing ChatGPT's user base to other popular digital platforms, such as social media sites or messaging apps, the engagement levels with AI-driven solutions like ChatGPT can indicate a shift in how individuals choose to interact with technology. While social media platforms have historically dominated user engagement metrics, the rapid adoption of ChatGPT suggests a growing reliance on tools that enhance productivity and facilitate information retrieval, marking a potential transition in user priorities from social interaction to efficiency and support in tasks.

Overall, the percentage of ChatGPT users, when contextualized within the broader landscape of technology adoption, reflects significant advancements in digital literacy and highlights the potential for AI-driven solutions to reshape communication practices and professional industries in the coming years."
efc974b6-7597-468d-9009-4e01201d4518,"The underlying technology of ChatGPT, primarily its architecture as a large language model (LLM) and its training methodologies, exhibits notable differences in efficiency and effectiveness compared to other AI models in the realm of natural language processing (NLP). These differences have significant implications for the future development of conversational AI systems across various industries.

1. **Architecture and Training Methodology**: ChatGPT is built on advanced versions of the Generative Pre-trained Transformer (GPT) architecture. This architecture allows it to generate contextually relevant responses by leveraging vast amounts of training data. The iterative training process involves fine-tuning the model on diverse datasets, which enhances its ability to understand and produce human-like text. Compared to traditional AI models, which may rely on rule-based systems or simpler machine learning techniques, ChatGPT's architecture allows for greater flexibility and adaptability in conversation.

2. **Efficiency and Effectiveness**: ChatGPT's efficiency is reflected in its ability to generate high-quality responses quickly, making it suitable for real-time interactions. The model's effectiveness is evidenced by user satisfaction ratings and its performance in providing tailored responses. Unlike standard web search engines, which return a list of links, ChatGPT provides customized responses, thus enhancing user experience. This customization is particularly beneficial for knowledge-intensive jobs, where improved decision support can boost productivity.

3. **Implications for Future Development**: The distinctions in ChatGPT's architecture and training methodologies suggest that future conversational AI systems will likely focus on enhancing personalization, real-time interaction, and decision support capabilities. Industries such as healthcare, finance, and education can particularly benefit from AI systems that serve as co-pilots or collaborators, improving the quality of decision-making and operational efficiency. As organizations increasingly integrate conversational AI into their workflows, the demand for models that prioritize user satisfaction and tailored interactions will grow.

In summary, while ChatGPT's architecture and training methodologies position it as a leader in NLP efficiency and effectiveness, these attributes also pave the way for future innovations in conversational AI, emphasizing personalized user experiences and enhanced productivity across various sectors."
63cc0852-c6b7-40b4-88ee-d19cef359adc,"The paper on consumer usage of ChatGPT reveals significant insights into current user behaviors and suggests potential shifts in consumer expectations for AI interactions. The finding that over 70% of ChatGPT queries are unrelated to work indicates a marked preference for personal, informal, or leisure uses of the AI, which reflects a broader trend in how consumers are beginning to integrate AI technologies into their daily lives. This shift implies that consumers are increasingly seeking AI not just for productivity or professional tasks but also for entertainment, social interaction, and personal assistance.

### Implications for Future AI Development

1. **User-Centric Design**: The growing preference for non-work-related interactions suggests that future AI technologies may need to be designed with a greater focus on personal utility and user engagement rather than solely professional applications. Developers might prioritize features that enhance conversational quality, emotional intelligence, and personalized experiences over traditional work-related functionalities.

2. **Diverse Applications**: As consumer expectations evolve, there could be an expansion in the applications of AI technologies. For instance, developers may explore areas such as mental health support, creative writing assistance, and personalized learning experiences, addressing a wider range of consumer needs.

3. **Interactive Features**: The demand for more engaging AI interactions could lead to the incorporation of richer multimedia elements, such as voice and visual components, to make interactions more immersive.

### Broader Societal Implications

The changes in consumer behavior towards ChatGPT point to a potential cultural shift in how technology is perceived and utilized. As AI becomes more embedded in everyday life, we may see:

- **Normalization of AI**: The widespread adoption of conversational AI for non-work purposes could lead to a normalization of AI presence in daily activities, influencing everything from social interactions to leisure activities.

- **Privacy Concerns**: Increased usage of AI for personal queries may also raise concerns about privacy and data security, prompting a demand for better transparency and control over personal data.

- **Digital Divide**: The rapid adoption in lower-income countries highlights both opportunities and challenges in access to technology. Efforts must be made to ensure that the benefits of AI are equitably distributed across different socioeconomic groups.

### Comparison with Historical Trends in Technology Adoption

Historically, the adoption of transformative technologies often follows a pattern of initial use in professional settings before spilling over into consumer domains (e.g., computers, smartphones). The current trend of rapid adoption of ChatGPT for non-work-related uses suggests a potential acceleration of this pattern, where technology may leap directly into personal applications rather than following a slower, more traditional path. 

### Long-Term Consequences

For users, this trend could lead to greater reliance on AI for various aspects of life, potentially enhancing convenience but also raising questions about autonomy and decision-making. For developers, the necessity to adapt to evolving user expectations may necessitate more agile and innovative approaches to technology design.

In summary, the identified focus on non-work-related usage of ChatGPT not only reflects current consumer behaviors but also signals a shift in expectations that could shape the future landscape of AI technology and its integration into society. The implications of these changes are multifaceted, affecting individual users, developers, and the broader socio-economic context."
